,Title,Release Date,Team,Rating,Times Listed,Number of Reviews,Genres,Plays,Playing,Backlogs,Wishlist,Developer,Publisher,Shipped,Year Released,Month Released,Game Type
0,Elden Ring,25-Feb-22,"['Bandai Namco Entertainment', 'FromSoftware']",4.5,3.9K,3.9K,"['Adventure', 'RPG']",17K,3.8K,4.6K,4.8K,From Software,Bandai Namco Entertainment,,2022,Feb,Game_type.AAA
9,NieR: Automata,23-Feb-17,"['PlatinumGames', 'Square Enix']",4.3,2.9K,2.9K,"['Brawler', 'RPG']",18K,1.1K,6.2K,3.6K,PlatinumGames,Square Enix,1.18,2017,Feb,Game_type.AAA
11,Stray,19-Jul-22,"['BlueTwelve Studio', 'Annapurna Interactive']",3.7,1.5K,1.5K,"['Adventure', 'Indie']",7.7K,801,2.5K,3.4K,Blue Twelve Studio,Annapurna Interactive,,2022,Jul,Game_type.INDIE
13,Portal 2,18-Apr-11,"['Valve', 'Electronic Arts']",4.4,2.9K,2.9K,"['Adventure', 'Platform', 'Puzzle', 'Shooter']",29K,471,3.9K,1.2K,Valve Software,Valve,,2011,Apr,Game_type.AAA
17,Red Dead Redemption 2,26-Oct-18,"['Take-Two Interactive', 'Rockstar Games']",4.4,2.9K,2.9K,"['Adventure', 'RPG', 'Shooter']",19K,1.7K,5.5K,2.9K,Rockstar Games,Rockstar Games,,2018,Oct,Game_type.AAA
18,Portal,10-Oct-07,"['Valve', 'Electronic Arts']",4.1,2K,2K,"['Platform', 'Puzzle', 'Shooter']",28K,244,2.7K,1.1K,Valve,Valve,13.97,2007,Oct,Game_type.AAA
21,Hi-Fi Rush,25-Jan-23,"['Tango Gameworks', 'Bethesda Softworks']",4.3,926,926,"['Adventure', 'Brawler', 'Music', 'Platform']",3K,866,1.5K,2K,,,,2023,Jan,Game_type.AAA
23,Grand Theft Auto V,17-Sep-13,"['Rockstar North', 'Rockstar Games']",3.8,2.1K,2.1K,"['Adventure', 'Shooter']",30K,829,3.2K,664,Rockstar North,Rockstar Games,,2013,Sep,Game_type.AAA
31,NieR Replicant ver.1.22474487139...,22-Apr-21,"['Toylogic', 'Square Enix']",4.2,1.5K,1.5K,"['Adventure', 'RPG']",6.7K,880,4.1K,3.7K,Toylogic,Square Enix,,2021,Apr,Game_type.AAA
35,Sekiro: Shadows Die Twice,22-Mar-19,"['FromSoftware', 'Activision']",4.4,2.3K,2.3K,"['Adventure', 'Brawler']",14K,919,4.8K,3.4K,From Software,Activision,,2019,Mar,Game_type.AAA
39,Signalis,27-Oct-22,"['rose-engine', 'Humble Games']",4.2,820,820,"['Adventure', 'Indie']",2.2K,419,1.9K,2.2K,,,,2022,Oct,Game_type.INDIE
42,Fallout: New Vegas,19-Oct-10,"['Obsidian Entertainment', 'Bandai Namco Entertainment']",4.3,2K,2K,"['RPG', 'Shooter']",16K,756,5K,1.4K,Obsidian Entertainment,Bethesda Softworks,,2010,Oct,Game_type.AAA
43,Outer Wilds,28-May-19,"['Mobius Digital', 'Annapurna Interactive']",4.6,1.8K,1.8K,"['Adventure', 'Indie', 'Puzzle', 'Simulator']",7.7K,661,4.8K,3.1K,Mobius Digital,Annapurna Interactive,,2019,May,Game_type.INDIE
45,Doom,12-May-16,"['id Software', 'Bethesda Softworks']",4,1.8K,1.8K,['Shooter'],18K,541,4K,1.4K,,,,2016,May,Game_type.AAA
48,Stardew Valley,26-Feb-16,"['ConcernedApe', 'Chucklefish Games']",4.1,1.7K,1.7K,"['Indie', 'RPG', 'Simulator', 'Strategy']",20K,2K,3.6K,1.1K,ConcernedApe,Chucklefish,13.0,2016,Feb,Game_type.INDIE
51,The Witcher 3: Wild Hunt,19-May-15,"['WB Games', 'CD Projekt RED']",4.3,2K,2K,"['Adventure', 'RPG']",17K,1.2K,6.1K,1.6K,CD Projekt Red Studio,Warner Bros. Interactive Entertainment,4.7,2015,May,Game_type.AAA
53,Doom Eternal,19-Mar-20,"['Bethesda Softworks', 'id Software']",4.2,1.9K,1.9K,['Shooter'],12K,738,4.6K,2.4K,id Software,Bethesda Softworks,,2020,Mar,Game_type.AAA
54,The Elder Scrolls V: Skyrim,10-Nov-11,"['Bethesda Game Studios', 'Bethesda Softworks']",3.7,1.7K,1.7K,"['Adventure', 'RPG']",22K,589,3K,1K,Bethesda Game Studios,Bethesda Softworks,,2011,Nov,Game_type.AAA
55,Neon White,16-Jun-22,"['Ben Esposito', 'Annapurna Interactive']",4.1,868,868,"['Indie', 'Platform', 'Shooter', 'Visual Novel']",2.9K,519,1.8K,2.3K,,,,2022,Jun,Game_type.INDIE
59,Final Fantasy VII Remake,10-Apr-20,['Square Enix'],4.1,2K,2K,"['Adventure', 'RPG']",12K,898,4.2K,2.2K,Square Enix,Square Enix,5.0,2020,Apr,Game_type.AAA
71,Dark Souls: Remastered,23-May-18,"['Bandai Namco Entertainment', 'QLOC']",4.3,1.4K,1.4K,"['Adventure', 'RPG']",11K,786,2.6K,1.6K,From Software,Bandai Namco Entertainment,,2018,May,Game_type.AAA
77,Star Wars Jedi: Fallen Order,15-Nov-19,"['Respawn Entertainment', 'Electronic Arts']",3.7,1.4K,1.4K,['Adventure'],13K,740,3.7K,1.3K,Respawn Entertainment,Electronic Arts,,2019,Nov,Game_type.AAA
85,Grand Theft Auto: San Andreas,26-Oct-04,"['Rockstar Games', 'Rockstar North']",4.1,1.5K,1.5K,"['Adventure', 'Racing', 'Shooter']",19K,270,2.4K,742,Rockstar North,Rockstar Games,17.3,2004,Oct,Game_type.AAA
92,Hotline Miami,23-Oct-12,"['Dennaton Games', 'Devolver Digital']",4,1.4K,1.4K,"['Arcade', 'Indie', 'Shooter']",14K,217,2.4K,928,Dennaton Games,Devolver Digital,2.58,2012,Oct,Game_type.AAA
94,Psychonauts 2,24-Aug-21,"['Xbox Game Studios', 'Double Fine Productions']",4.2,1.2K,1.2K,"['Adventure', 'Platform']",4.3K,315,2.8K,2.3K,Double Fine Productions,Xbox Game Studios,,2021,Aug,Game_type.AAA
96,Halo Infinite,15-Nov-21,"['Xbox Game Studios', '343 Industries']",3.3,972,972,"['Adventure', 'Shooter']",6.4K,632,1.6K,959,Microsoft Game Studios,Xbox Game Studios,,2021,Nov,Game_type.AAA
103,Marvel's Guardians of the Galaxy,26-Oct-21,"['Square Enix', 'Eidos Montréal']",3.8,1.1K,1.1K,"['Adventure', 'RPG', 'Shooter']",5.1K,432,2.1K,1.3K,Eidos Montreal,Square Enix,,2021,Oct,Game_type.AAA
105,Cult of the Lamb,11-Aug-22,"['Devolver Digital', 'Massive Monster']",3.6,589,589,"['Adventure', 'Brawler', 'Indie', 'RPG', 'Simulator', 'Strategy']",2.8K,546,1.6K,2.1K,Massive Monster,Devolver Digital,3.5,2022,Aug,Game_type.AAA
108,Left 4 Dead 2,17-Nov-09,"['Turtle Rock Studios', 'Valve']",3.9,1.1K,1.1K,['Shooter'],19K,279,1.5K,358,Certain Affinity / Valve Software,Valve,,2009,Nov,Game_type.AAA
110,Control,27-Aug-19,"['505 Games', 'Remedy Entertainment']",3.6,1.3K,1.3K,"['Adventure', 'Shooter']",9.6K,591,5.2K,1.3K,Remedy,505 Games,,2019,Aug,Game_type.INDIE
119,Katana Zero,18-Apr-19,"['Askiisoft', 'Devolver Digital']",4.1,1.1K,1.1K,"['Adventure', 'Arcade', 'Indie', 'Platform', 'Strategy']",9.3K,189,2.1K,1.5K,Askiisoft,Devolver Digital,,2019,Apr,Game_type.AAA
120,Life is Strange,29-Jan-15,"[""DON'T NOD"", 'Square Enix']",3.4,1.4K,1.4K,"['Adventure', 'RPG']",15K,209,2.1K,817,DONTNOD Entertainment,Square Enix,,2015,Jan,Game_type.AAA
122,Deathloop,14-Sep-21,"['Bethesda Softworks', 'Arkane Studios']",3.5,897,897,"['Adventure', 'Shooter']",4.2K,389,2.4K,1.9K,Arkane Studios,Bethesda Softworks,,2021,Sep,Game_type.AAA
127,Dishonored,9-Oct-12,"['Arkane Studios', 'Bethesda Softworks']",3.9,1.1K,1.1K,"['Adventure', 'RPG']",14K,268,3.1K,866,Arkane Studios,Bethesda Softworks,5.67,2012,Oct,Game_type.AAA
131,Titanfall 2,28-Oct-16,"['Respawn Entertainment', 'Electronic Arts']",4.1,1.3K,1.3K,"['Adventure', 'Shooter']",12K,163,2.1K,656,Respawn Entertainment,Electronic Arts,,2016,Oct,Game_type.AAA
137,Batman: Arkham Knight,23-Jun-15,"['Rocksteady Studios', 'Warner Bros. Interactive Entertainment']",3.7,1.2K,1.2K,"['Adventure', 'Brawler']",13K,279,3.4K,757,Rocksteady Studios,Warner Bros. Interactive Entertainment,1.4,2015,Jun,Game_type.AAA
142,Hogwarts Legacy,10-Feb-23,"['Portkey Games', 'Avalanche Software']",3.5,474,474,"['Adventure', 'RPG']",1.4K,766,686,1.6K,Avalanche Software,Warner Bros. Interactive Entertainment,22.0,2023,Feb,Game_type.AAA
146,Red Dead Redemption,18-May-10,"['Rockstar Games', 'Rockstar North']",4.2,1.5K,1.5K,"['Adventure', 'RPG', 'Shooter']",13K,218,2.4K,1.6K,Rockstar San Diego,Rockstar Games,,2010,May,Game_type.AAA
149,Dead Space,27-Jan-23,"['Motive Studios', 'Electronic Arts']",4.3,501,501,"['Adventure', 'RPG', 'Shooter']",1.3K,248,985,1.9K,,,,2023,Jan,Game_type.AAA
156,NEO: The World Ends with You,26-Jul-21,['Square Enix'],4.2,725,725,"['Brawler', 'RPG']",2.5K,357,2.4K,2K,,,,2021,Jul,Game_type.AAA
157,Assassin's Creed II,17-Nov-09,"['Ubisoft Montreal', 'Ubisoft Entertainment']",3.8,1.3K,1.3K,"['Adventure', 'Platform']",16K,140,1.5K,521,Ubisoft Montreal,Ubisoft,,2009,Nov,Game_type.AAA
159,Dead Space,14-Oct-08,"['EA Redwood Shores', 'Electronic Arts']",4,1.2K,1.2K,['Shooter'],9.6K,302,2.7K,1.1K,EA Redwood Shores,Electronic Arts,,2008,Oct,Game_type.AAA
165,Final Fantasy XV,29-Nov-16,['Square Enix'],3.3,1.1K,1.1K,"['Adventure', 'RPG']",11K,374,3.2K,1.1K,Square Enix,Square Enix,,2016,Nov,Game_type.AAA
169,Stranger of Paradise: Final Fantasy Origin,18-Mar-22,"['Team NINJA', 'Square Enix']",3.6,607,607,"['Adventure', 'RPG']",1.6K,180,1.3K,1.4K,Square Enix,Square Enix,,2022,Mar,Game_type.AAA
171,Grand Theft Auto IV,29-Apr-08,"['Rockstar North', 'Rockstar Games']",3.8,1.1K,1.1K,"['Adventure', 'Racing', 'Shooter']",14K,258,1.9K,721,Rockstar Toronto,Rockstar Games,,2008,Apr,Game_type.AAA
180,Dead Cells,6-Aug-18,['Motion Twin'],3.8,802,802,"['Adventure', 'Indie', 'Platform']",9.2K,737,2.8K,1.4K,Motion Twin,Merge Games,,2018,Aug,Game_type.INDIE
181,Far Cry 3,28-Nov-12,"['Ubisoft Entertainment', 'Ubisoft Montreal']",3.7,983,983,"['Adventure', 'Shooter']",14K,188,1.9K,660,Ubisoft Montreal,Ubisoft,,2012,Nov,Game_type.AAA
189,Assassin's Creed,13-Nov-07,"['Ubisoft Montreal', 'Ubisoft Entertainment']",2.9,801,801,"['Adventure', 'Platform']",13K,118,1.2K,496,Ubisoft Montreal,Ubisoft,,2007,Nov,Game_type.AAA
191,Call of Duty: Black Ops,9-Nov-10,"['Activision', 'Treyarch']",3.7,920,920,['Shooter'],14K,44,611,318,n-Space,Activision,,2010,Nov,Game_type.AAA
198,Dragon Quest XI S: Echoes of an Elusive Age - Definitive Edition,27-Sep-19,['Square Enix'],4.2,880,880,"['Adventure', 'RPG']",4.7K,748,3.1K,1.2K,,,,2019,Sep,Game_type.AAA
201,Mass Effect 2,26-Jan-10,"['BioWare', 'Electronic Arts']",4.3,1.3K,1.3K,"['Adventure', 'RPG', 'Shooter']",9.6K,107,1.9K,645,BioWare Corp.,Electronic Arts,,2010,Jan,Game_type.AAA
202,Forza Horizon 5,9-Nov-21,"['Playground Games', 'Xbox Game Studios']",3.8,589,589,['Racing'],4.6K,589,712,594,Playground Games,Xbox Game Studios,,2021,Nov,Game_type.AAA
207,Call of Duty: Black Ops II,12-Nov-12,"['Treyarch', 'Activision']",3.8,903,903,['Shooter'],13K,57,626,286,Treyarch,Activision,,2012,Nov,Game_type.AAA
215,Garry's Mod,24-Dec-04,"['Facepunch Studios', 'Valve']",3.8,478,478,"['Indie', 'Simulator']",12K,198,543,242,,,30.32,2004,Dec,Game_type.AAA
216,Wolfenstein: The New Order,20-May-14,"['MachineGames', 'Bethesda Softworks']",3.6,794,794,"['Adventure', 'Shooter']",8.4K,149,2.2K,722,MachineGames,Bethesda Softworks,,2014,May,Game_type.AAA
220,Enter the Gungeon,5-Apr-16,"['Dodge Roll', 'Devolver Digital']",3.6,632,632,"['Adventure', 'Arcade', 'Indie', 'Shooter']",8.9K,403,2.4K,441,Dodge Roll,Devolver Digital,,2016,Apr,Game_type.AAA
226,Final Fantasy XIV Online,27-Aug-13,['Square Enix'],3.7,643,643,"['Adventure', 'RPG', 'Strategy']",5.9K,1.1K,818,363,Square Enix,Square Enix,,2013,Aug,Game_type.AAA
235,Crash Bandicoot N. Sane Trilogy,30-Jun-17,"['Activision', 'Vicarious Visions']",3.8,654,654,"['Adventure', 'Platform']",7.7K,364,2.6K,986,Vicarious Visions,Activision,,2017,Jun,Game_type.AAA
253,Kingdom Hearts II Final Mix,29-Mar-07,"['Buena Vista Games', 'Square Enix']",4.5,704,704,"['Adventure', 'Brawler', 'Platform', 'RPG', 'Shooter']",4.4K,92,732,274,,,,2007,Mar,Game_type.AAA
255,Death Stranding: Director's Cut,24-Sep-21,"['Kojima Productions', '505 Games']",4.2,334,334,['Adventure'],1.3K,382,1.5K,704,,,,2021,Sep,Game_type.INDIE
258,The Sims 4,2-Sep-14,"['Electronic Arts', 'The Sims Studio']",3,458,458,"['RPG', 'Simulator']",8.3K,434,667,110,Maxis,Electronic Arts,,2014,Sep,Game_type.AAA
259,Far Cry 4,18-Nov-14,['Ubisoft Montreal'],3.2,558,558,"['Adventure', 'Shooter', 'Tactical']",8.5K,90,1.3K,442,Ubisoft Montreal,Ubisoft,,2014,Nov,Game_type.AAA
272,No More Heroes 2: Desperate Struggle,26-Jan-10,"['Ubisoft Entertainment', 'Grasshopper Manufacture']",3.5,608,608,"['Adventure', 'Brawler']",3.2K,68,1.5K,855,Grasshopper Manufacture,Ubisoft,,2010,Jan,Game_type.AAA
279,Life is Strange: True Colors,10-Sep-21,"['Deck Nine', 'Square Enix']",3.6,566,566,['Adventure'],2.3K,126,852,1.1K,,,,2021,Sep,Game_type.AAA
285,Shadow of the Tomb Raider,14-Sep-18,"['Eidos Montréal', 'Square Enix']",3.3,522,522,"['Adventure', 'Shooter']",4.8K,161,2.8K,701,Eidos Montreal,Square Enix,,2018,Sep,Game_type.AAA
287,Ghostrunner,27-Oct-20,"['One More Level', 'All In! Games']",3.5,486,486,"['Adventure', 'Platform', 'Shooter']",3.3K,170,1.7K,783,One More Level,505 Games,,2020,Oct,Game_type.INDIE
288,Watch Dogs 2,15-Nov-16,"['Ubisoft Montreal', 'Ubisoft Entertainment']",3.3,554,554,"['Adventure', 'Shooter']",6.6K,125,1.9K,453,Ubisoft,Ubisoft,,2016,Nov,Game_type.AAA
289,Mass Effect 3,6-Mar-12,"['BioWare Edmonton', 'Electronic Arts']",3.7,777,777,"['Adventure', 'RPG', 'Shooter']",7.3K,79,1.5K,482,BioWare,Electronic Arts,,2012,Mar,Game_type.AAA
291,The Elder Scrolls V: Skyrim - Special Edition,27-Oct-16,"['Bethesda Game Studios', 'Bethesda Softworks']",4,439,439,"['Adventure', 'RPG']",6.5K,374,1.3K,319,,,,2016,Oct,Game_type.AAA
292,Far Cry 5,26-Mar-18,"['Ubisoft Entertainment', 'Ubisoft Montreal']",3,558,558,"['Adventure', 'Shooter']",6.6K,169,1.2K,470,Ubisoft,Ubisoft,,2018,Mar,Game_type.AAA
293,Call of Duty: Modern Warfare 3,8-Nov-11,"['Sledgehammer Games', 'Activision']",3.2,587,587,"['Adventure', 'Shooter', 'Tactical']",10K,27,492,195,Infinity Ward,Activision,,2011,Nov,Game_type.AAA
304,Dragon Age: Origins,3-Nov-09,"['Electronic Arts', 'BioWare']",4,712,712,['RPG'],6.1K,148,1.7K,534,BioWare Corp.,Electronic Arts,,2009,Nov,Game_type.AAA
314,Battlefield 4,29-Oct-13,"['EA Digital Illusions CE', 'Electronic Arts']",3.5,431,431,['Shooter'],7.1K,72,506,124,EA DICE,Electronic Arts,,2013,Oct,Game_type.AAA
318,Digimon Survive,28-Jul-22,"['Bandai Namco Entertainment', 'Witchcraft Inc.']",3.4,167,167,"['Adventure', 'RPG', 'Simulator', 'Strategy', 'Turn Based Strategy']",454,148,525,602,WitchCraft,Bandai Namco Entertainment,,2022,Jul,Game_type.AAA
320,Little Nightmares II,10-Feb-21,"['Tarsier Studios', 'Bandai Namco Entertainment']",4,569,569,"['Adventure', 'Platform', 'Puzzle']",2.5K,78,1.2K,1.5K,,,,2021,Feb,Game_type.AAA
321,The Evil Within 2,12-Oct-17,"['Tango Gameworks', 'Bethesda Softworks']",3.7,541,541,"['Adventure', 'RPG', 'Shooter']",2.7K,76,1.4K,634,Tango Gameworks,Bethesda Softworks,0.23,2017,Oct,Game_type.AAA
323,Sayonara Wild Hearts,19-Sep-19,"['Simogo', 'Annapurna Interactive']",3.9,725,725,"['Adventure', 'Arcade', 'Indie', 'Music']",3.1K,37,721,789,Simogo,Annapurna Interactive,,2019,Sep,Game_type.INDIE
326,Elden Ring,25-Feb-22,"['Bandai Namco Entertainment', 'FromSoftware']",4.5,3.9K,3.9K,"['Adventure', 'RPG']",17K,3.8K,4.6K,4.8K,From Software,Bandai Namco Entertainment,,2022,Feb,Game_type.AAA
335,NieR: Automata,23-Feb-17,"['PlatinumGames', 'Square Enix']",4.3,2.9K,2.9K,"['Brawler', 'RPG']",18K,1.1K,6.2K,3.6K,PlatinumGames,Square Enix,1.18,2017,Feb,Game_type.AAA
337,Stray,19-Jul-22,"['BlueTwelve Studio', 'Annapurna Interactive']",3.7,1.5K,1.5K,"['Adventure', 'Indie']",7.7K,801,2.5K,3.4K,Blue Twelve Studio,Annapurna Interactive,,2022,Jul,Game_type.INDIE
339,Portal 2,18-Apr-11,"['Valve', 'Electronic Arts']",4.4,2.9K,2.9K,"['Adventure', 'Platform', 'Puzzle', 'Shooter']",29K,471,3.9K,1.2K,Valve Software,Valve,,2011,Apr,Game_type.AAA
343,Red Dead Redemption 2,26-Oct-18,"['Take-Two Interactive', 'Rockstar Games']",4.4,2.9K,2.9K,"['Adventure', 'RPG', 'Shooter']",19K,1.7K,5.5K,2.9K,Rockstar Games,Rockstar Games,,2018,Oct,Game_type.AAA
344,Portal,10-Oct-07,"['Valve', 'Electronic Arts']",4.1,2K,2K,"['Platform', 'Puzzle', 'Shooter']",28K,244,2.7K,1.1K,Valve,Valve,13.97,2007,Oct,Game_type.AAA
347,Hi-Fi Rush,25-Jan-23,"['Tango Gameworks', 'Bethesda Softworks']",4.3,926,926,"['Adventure', 'Brawler', 'Music', 'Platform']",3K,866,1.5K,2K,,,,2023,Jan,Game_type.AAA
349,Grand Theft Auto V,17-Sep-13,"['Rockstar North', 'Rockstar Games']",3.8,2.1K,2.1K,"['Adventure', 'Shooter']",30K,829,3.2K,664,Rockstar North,Rockstar Games,,2013,Sep,Game_type.AAA
357,NieR Replicant ver.1.22474487139...,22-Apr-21,"['Toylogic', 'Square Enix']",4.2,1.5K,1.5K,"['Adventure', 'RPG']",6.7K,880,4.1K,3.7K,Toylogic,Square Enix,,2021,Apr,Game_type.AAA
361,Sekiro: Shadows Die Twice,22-Mar-19,"['FromSoftware', 'Activision']",4.4,2.3K,2.3K,"['Adventure', 'Brawler']",14K,919,4.8K,3.4K,From Software,Activision,,2019,Mar,Game_type.AAA
365,Signalis,27-Oct-22,"['rose-engine', 'Humble Games']",4.2,820,820,"['Adventure', 'Indie']",2.2K,419,1.9K,2.2K,,,,2022,Oct,Game_type.INDIE
368,Fallout: New Vegas,19-Oct-10,"['Obsidian Entertainment', 'Bandai Namco Entertainment']",4.3,2K,2K,"['RPG', 'Shooter']",16K,756,5K,1.4K,Obsidian Entertainment,Bethesda Softworks,,2010,Oct,Game_type.AAA
369,Outer Wilds,28-May-19,"['Mobius Digital', 'Annapurna Interactive']",4.6,1.8K,1.8K,"['Adventure', 'Indie', 'Puzzle', 'Simulator']",7.7K,661,4.8K,3.1K,Mobius Digital,Annapurna Interactive,,2019,May,Game_type.INDIE
371,Doom,12-May-16,"['id Software', 'Bethesda Softworks']",4,1.8K,1.8K,['Shooter'],18K,541,4K,1.4K,,,,2016,May,Game_type.AAA
374,Stardew Valley,26-Feb-16,"['ConcernedApe', 'Chucklefish Games']",4.1,1.7K,1.7K,"['Indie', 'RPG', 'Simulator', 'Strategy']",20K,2K,3.6K,1.1K,ConcernedApe,Chucklefish,13.0,2016,Feb,Game_type.INDIE
377,The Witcher 3: Wild Hunt,19-May-15,"['WB Games', 'CD Projekt RED']",4.3,2K,2K,"['Adventure', 'RPG']",17K,1.2K,6.1K,1.6K,CD Projekt Red Studio,Warner Bros. Interactive Entertainment,4.7,2015,May,Game_type.AAA
379,Doom Eternal,19-Mar-20,"['Bethesda Softworks', 'id Software']",4.2,1.9K,1.9K,['Shooter'],12K,738,4.6K,2.4K,id Software,Bethesda Softworks,,2020,Mar,Game_type.AAA
380,The Elder Scrolls V: Skyrim,10-Nov-11,"['Bethesda Game Studios', 'Bethesda Softworks']",3.7,1.7K,1.7K,"['Adventure', 'RPG']",22K,589,3K,1K,Bethesda Game Studios,Bethesda Softworks,,2011,Nov,Game_type.AAA
381,Neon White,16-Jun-22,"['Ben Esposito', 'Annapurna Interactive']",4.1,868,868,"['Indie', 'Platform', 'Shooter', 'Visual Novel']",2.9K,519,1.8K,2.3K,,,,2022,Jun,Game_type.INDIE
385,Final Fantasy VII Remake,10-Apr-20,['Square Enix'],4.1,2K,2K,"['Adventure', 'RPG']",12K,898,4.2K,2.2K,Square Enix,Square Enix,5.0,2020,Apr,Game_type.AAA
399,Katana Zero,18-Apr-19,"['Askiisoft', 'Devolver Digital']",4.1,1.1K,1.1K,"['Adventure', 'Arcade', 'Indie', 'Platform', 'Strategy']",9.3K,189,2.1K,1.5K,Askiisoft,Devolver Digital,,2019,Apr,Game_type.AAA
400,Life is Strange,29-Jan-15,"[""DON'T NOD"", 'Square Enix']",3.4,1.4K,1.4K,"['Adventure', 'RPG']",15K,209,2.1K,817,DONTNOD Entertainment,Square Enix,,2015,Jan,Game_type.AAA
402,Deathloop,14-Sep-21,"['Bethesda Softworks', 'Arkane Studios']",3.5,897,897,"['Adventure', 'Shooter']",4.2K,389,2.4K,1.9K,Arkane Studios,Bethesda Softworks,,2021,Sep,Game_type.AAA
406,Fallout 4,9-Nov-15,"['Bethesda Game Studios', 'Bethesda Softworks']",3.1,1K,1K,"['RPG', 'Shooter']",16K,407,2.9K,752,Bethesda Game Studios,Bethesda Softworks,,2015,Nov,Game_type.AAA
416,Dishonored,9-Oct-12,"['Arkane Studios', 'Bethesda Softworks']",3.9,1.1K,1.1K,"['Adventure', 'RPG']",14K,268,3.1K,866,Arkane Studios,Bethesda Softworks,5.67,2012,Oct,Game_type.AAA
420,Titanfall 2,28-Oct-16,"['Respawn Entertainment', 'Electronic Arts']",4.1,1.3K,1.3K,"['Adventure', 'Shooter']",12K,163,2.1K,656,Respawn Entertainment,Electronic Arts,,2016,Oct,Game_type.AAA
426,Batman: Arkham Knight,23-Jun-15,"['Rocksteady Studios', 'Warner Bros. Interactive Entertainment']",3.7,1.2K,1.2K,"['Adventure', 'Brawler']",13K,279,3.4K,757,Rocksteady Studios,Warner Bros. Interactive Entertainment,1.4,2015,Jun,Game_type.AAA
431,Hogwarts Legacy,10-Feb-23,"['Portkey Games', 'Avalanche Software']",3.5,474,474,"['Adventure', 'RPG']",1.4K,766,686,1.6K,Avalanche Software,Warner Bros. Interactive Entertainment,22.0,2023,Feb,Game_type.AAA
435,Red Dead Redemption,18-May-10,"['Rockstar Games', 'Rockstar North']",4.2,1.5K,1.5K,"['Adventure', 'RPG', 'Shooter']",13K,218,2.4K,1.6K,Rockstar San Diego,Rockstar Games,,2010,May,Game_type.AAA
438,Dead Space,27-Jan-23,"['Motive Studios', 'Electronic Arts']",4.3,501,501,"['Adventure', 'RPG', 'Shooter']",1.3K,248,985,1.9K,,,,2023,Jan,Game_type.AAA
445,NEO: The World Ends with You,26-Jul-21,['Square Enix'],4.2,725,725,"['Brawler', 'RPG']",2.5K,357,2.4K,2K,,,,2021,Jul,Game_type.AAA
446,Assassin's Creed II,17-Nov-09,"['Ubisoft Montreal', 'Ubisoft Entertainment']",3.8,1.3K,1.3K,"['Adventure', 'Platform']",16K,140,1.5K,521,Ubisoft Montreal,Ubisoft,,2009,Nov,Game_type.AAA
448,Dead Space,14-Oct-08,"['EA Redwood Shores', 'Electronic Arts']",4,1.2K,1.2K,['Shooter'],9.6K,302,2.7K,1.1K,EA Redwood Shores,Electronic Arts,,2008,Oct,Game_type.AAA
456,Assassin's Creed,13-Nov-07,"['Ubisoft Montreal', 'Ubisoft Entertainment']",2.9,801,801,"['Adventure', 'Platform']",13K,118,1.2K,496,Ubisoft Montreal,Ubisoft,,2007,Nov,Game_type.AAA
458,Call of Duty: Black Ops,9-Nov-10,"['Activision', 'Treyarch']",3.7,920,920,['Shooter'],14K,44,611,318,n-Space,Activision,,2010,Nov,Game_type.AAA
465,Dragon Quest XI S: Echoes of an Elusive Age - Definitive Edition,27-Sep-19,['Square Enix'],4.2,880,880,"['Adventure', 'RPG']",4.7K,748,3.1K,1.2K,,,,2019,Sep,Game_type.AAA
468,Mass Effect 2,26-Jan-10,"['BioWare', 'Electronic Arts']",4.3,1.3K,1.3K,"['Adventure', 'RPG', 'Shooter']",9.6K,107,1.9K,645,BioWare Corp.,Electronic Arts,,2010,Jan,Game_type.AAA
469,Forza Horizon 5,9-Nov-21,"['Playground Games', 'Xbox Game Studios']",3.8,589,589,['Racing'],4.6K,589,712,594,Playground Games,Xbox Game Studios,,2021,Nov,Game_type.AAA
474,Call of Duty: Black Ops II,12-Nov-12,"['Treyarch', 'Activision']",3.8,903,903,['Shooter'],13K,57,626,286,Treyarch,Activision,,2012,Nov,Game_type.AAA
482,Garry's Mod,24-Dec-04,"['Facepunch Studios', 'Valve']",3.8,478,478,"['Indie', 'Simulator']",12K,198,543,242,,,30.32,2004,Dec,Game_type.AAA
483,Wolfenstein: The New Order,20-May-14,"['MachineGames', 'Bethesda Softworks']",3.6,794,794,"['Adventure', 'Shooter']",8.4K,149,2.2K,722,MachineGames,Bethesda Softworks,,2014,May,Game_type.AAA
487,Enter the Gungeon,5-Apr-16,"['Dodge Roll', 'Devolver Digital']",3.6,632,632,"['Adventure', 'Arcade', 'Indie', 'Shooter']",8.9K,403,2.4K,441,Dodge Roll,Devolver Digital,,2016,Apr,Game_type.AAA
493,Final Fantasy XIV Online,27-Aug-13,['Square Enix'],3.7,643,643,"['Adventure', 'RPG', 'Strategy']",5.9K,1.1K,818,363,Square Enix,Square Enix,,2013,Aug,Game_type.AAA
502,Crash Bandicoot N. Sane Trilogy,30-Jun-17,"['Activision', 'Vicarious Visions']",3.8,654,654,"['Adventure', 'Platform']",7.7K,364,2.6K,986,Vicarious Visions,Activision,,2017,Jun,Game_type.AAA
518,Katamari Damacy Reroll,6-Dec-18,"['MONKEYCRAFT Co. Ltd', 'Bandai Namco Entertainment']",4.1,576,576,"['Adventure', 'Puzzle']",4.3K,199,1.3K,513,Bandai Namco Games,Bandai Namco Entertainment,,2018,Dec,Game_type.AAA
523,Bully,17-Oct-06,"['Rockstar Vancouver', 'Take-Two Interactive']",3.9,635,635,['Adventure'],6.7K,80,1.3K,768,Rockstar Vancouver,Rockstar Games,1.5,2006,Oct,Game_type.AAA
525,Octopath Traveler II,24-Feb-23,['Square Enix'],4.4,253,253,"['RPG', 'Turn Based Strategy']",258,271,543,895,Square Enix,Square Enix,,2023,Feb,Game_type.AAA
526,Norco,24-Mar-22,"['Geography of Robots', 'Raw Fury']",3.9,386,386,"['Adventure', 'Indie', 'Point-and-Click', 'Puzzle']",809,88,651,561,,,,2022,Mar,Game_type.INDIE
528,Assassin's Creed Odyssey,5-Oct-18,"['Ubisoft Entertainment', 'Ubisoft Québec']",3.4,772,772,"['Adventure', 'RPG']",6.8K,435,2K,746,Ubisoft Quebec,Ubisoft,,2018,Oct,Game_type.AAA
530,The Evil Within,14-Oct-14,"['Tango Gameworks', 'Bethesda Softworks']",3.4,629,629,"['Adventure', 'Shooter']",4.8K,140,1.8K,822,Tango Gameworks,Bethesda Softworks,,2014,Oct,Game_type.AAA
540,Kingdom Hearts II Final Mix,29-Mar-07,"['Buena Vista Games', 'Square Enix']",4.5,704,704,"['Adventure', 'Brawler', 'Platform', 'RPG', 'Shooter']",4.4K,92,732,274,,,,2007,Mar,Game_type.AAA
542,Death Stranding: Director's Cut,24-Sep-21,"['Kojima Productions', '505 Games']",4.2,334,334,['Adventure'],1.3K,382,1.5K,704,,,,2021,Sep,Game_type.INDIE
545,The Sims 4,2-Sep-14,"['Electronic Arts', 'The Sims Studio']",3,458,458,"['RPG', 'Simulator']",8.3K,434,667,110,Maxis,Electronic Arts,,2014,Sep,Game_type.AAA
546,Far Cry 4,18-Nov-14,['Ubisoft Montreal'],3.2,558,558,"['Adventure', 'Shooter', 'Tactical']",8.5K,90,1.3K,442,Ubisoft Montreal,Ubisoft,,2014,Nov,Game_type.AAA
559,No More Heroes 2: Desperate Struggle,26-Jan-10,"['Ubisoft Entertainment', 'Grasshopper Manufacture']",3.5,608,608,"['Adventure', 'Brawler']",3.2K,68,1.5K,855,Grasshopper Manufacture,Ubisoft,,2010,Jan,Game_type.AAA
566,Life is Strange: True Colors,10-Sep-21,"['Deck Nine', 'Square Enix']",3.6,566,566,['Adventure'],2.3K,126,852,1.1K,,,,2021,Sep,Game_type.AAA
579,NieR,22-Apr-10,"['Square Enix', 'Cavia']",4.2,743,743,"['Adventure', 'RPG', 'Shooter', 'Simulator', 'Strategy']",2.9K,67,999,854,Cavia Inc.,Square Enix,,2010,Apr,Game_type.AAA
582,Max Payne 2: The Fall of Max Payne,14-Oct-03,"['Remedy Entertainment', 'Rockstar Games']",4.1,553,553,['Shooter'],4.1K,37,1.1K,464,Remedy Entertainment,Rockstar Games,,2003,Oct,Game_type.AAA
585,The Elder Scrolls III: Morrowind,1-May-02,"['Bethesda Game Studios', 'ZeniMax Media']",4,549,549,"['Adventure', 'RPG']",3.7K,150,1.7K,487,Bethesda Softworks,Bethesda Softworks,,2002,May,Game_type.AAA
586,Rollerdrome,16-Aug-22,"['Roll7', 'Private Division']",3.7,260,260,"['Adventure', 'Indie', 'Shooter', 'Sport']",431,57,351,492,Roll7,Private Division,,2022,Aug,Game_type.INDIE
587,Final Fantasy XVI,22-Jun-23,"['Square Enix', 'Square Enix Creative Business Unit III']",,422,422,['RPG'],37,10,732,2.4K,Square Enix,Square Enix,3.0,2023,Jun,Game_type.AAA
590,Injustice: Gods Among Us,16-Apr-13,"['NetherRealm Studios', 'WB Games']",3,364,364,"['Adventure', 'Fighting']",7.1K,17,502,112,NetherRealm Studios,Warner Bros. Interactive Entertainment,,2013,Apr,Game_type.AAA
592,Final Fantasy X/X-2 HD Remaster,26-Dec-13,"['Virtuos', 'Square Enix']",4.1,368,368,"['RPG', 'Strategy']",3.2K,281,2.3K,677,,,,2013,Dec,Game_type.AAA
593,Mortal Kombat X,13-Apr-15,"['NetherRealm Studios', 'WB Games']",3.3,430,430,['Fighting'],7.1K,43,602,138,NetherRealm Studios,Warner Bros. Interactive Entertainment,,2015,Apr,Game_type.AAA
600,Return to Monkey Island,19-Sep-22,"['Terrible Toybox', 'Lucasfilm Games']",4,237,237,"['Adventure', 'Point-and-Click', 'Puzzle']",538,71,388,409,Terrible Toybox,Devolver Digital,,2022,Sep,Game_type.AAA
601,Deus Ex: Human Revolution,23-Aug-11,"['Square Enix', 'Eidos Montréal']",3.8,559,559,"['RPG', 'Shooter']",5.8K,65,1.7K,488,Eidos Montreal,Square Enix,,2011,Aug,Game_type.AAA
602,Spyro Reignited Trilogy,13-Nov-18,"['Toys for Bob', 'Activision']",3.9,552,552,"['Adventure', 'Platform']",4.5K,282,2.1K,808,Toys for Bob,Activision,,2018,Nov,Game_type.AAA
605,Outer Wilds: Echoes of the Eye,28-Sep-21,"['Mobius Digital', 'Annapurna Interactive']",4.5,238,238,"['Adventure', 'Indie', 'Puzzle', 'Simulator', 'Strategy']",1.6K,121,763,559,,,,2021,Sep,Game_type.INDIE
607,Wolfenstein II: The New Colossus,26-Oct-17,"['MachineGames', 'Bethesda Softworks']",3.5,540,540,"['Adventure', 'Shooter']",4.7K,86,1.5K,675,MachineGames,Bethesda Softworks,0.55,2017,Oct,Game_type.AAA
613,Mortal Kombat 11,22-Apr-19,"['Warner Bros. Interactive Entertainment', 'NetherRealm Studios']",3.4,490,490,['Fighting'],5K,99,612,308,NetherRealm Studios,Warner Bros. Interactive Entertainment,,2019,Apr,Game_type.AAA
620,Prince of Persia: The Sands of Time,6-Nov-03,"['Ubisoft Entertainment', 'Ubisoft Montreal']",3.6,480,480,"['Adventure', 'Platform']",5.5K,37,1.1K,421,Ubisoft Montreal,Ubisoft,,2003,Nov,Game_type.AAA
621,Assassin's Creed Syndicate,23-Oct-15,"['Ubisoft Entertainment', 'Ubisoft Québec']",3,562,562,['Adventure'],5.6K,97,1.5K,417,Ubisoft Quebec,Ubisoft,,2015,Oct,Game_type.AAA
624,Code Vein,26-Sep-19,"['Shift', 'Bandai Namco Entertainment']",3,325,325,"['Adventure', 'RPG']",3.3K,230,1.6K,625,Bandai Namco Studios,Bandai Namco Entertainment,,2019,Sep,Game_type.AAA
636,Need for Speed: Unbound,29-Nov-22,"['Criterion Games', 'Electronic Arts']",3.5,84,84,['Racing'],294,74,150,209,,,,2022,Nov,Game_type.AAA
638,Deus Ex: Mankind Divided,23-Aug-16,['Square Enix'],3.5,387,387,"['Adventure', 'RPG', 'Shooter']",3.4K,72,2K,458,Eidos Montreal,Square Enix,,2016,Aug,Game_type.AAA
646,Far Cry 6,7-Oct-21,"['Ubisoft Toronto', 'Ubisoft Entertainment']",2.7,298,298,"['Adventure', 'Shooter']",1.6K,157,772,792,Ubisoft Toronto,Ubisoft,,2021,Oct,Game_type.AAA
653,South Park: The Fractured But Whole,17-Oct-17,"['Ubisoft Entertainment', 'Ubisoft San Francisco']",3.7,369,369,"['Adventure', 'RPG', 'Strategy']",3.5K,79,1.1K,512,Ubisoft San Francisco,Ubisoft,0.32,2017,Oct,Game_type.AAA
662,Dead Space 3,5-Feb-13,"['Visceral Games', 'Electronic Arts']",2.6,309,309,"['Adventure', 'Shooter']",3.2K,48,1K,388,Visceral Games,Electronic Arts,,2013,Feb,Game_type.AAA
669,Gorogoa,13-Dec-17,"['Annapurna Interactive', 'Jason Roberts']",3.8,386,386,"['Adventure', 'Indie', 'Point-and-Click', 'Puzzle']",2K,31,471,382,Buried Signal,Annapurna Interactive,,2017,Dec,Game_type.INDIE
677,Just Cause 3,30-Nov-15,"['Avalanche Studios', 'Square Enix']",3.1,269,269,['Adventure'],4.9K,93,1K,155,Avalanche Studios,Square Enix,,2015,Nov,Game_type.AAA
706,Harvestella,4-Nov-22,['Square Enix'],3.4,103,103,"['Adventure', 'RPG', 'Simulator']",160,86,268,469,,,,2022,Nov,Game_type.AAA
707,Dishonored: Death of the Outsider,14-Sep-17,"['Arkane Studios', 'Bethesda Softworks']",3.6,328,328,"['Adventure', 'RPG']",1.8K,41,1.4K,352,Arkane Studios,Bethesda Softworks,,2017,Sep,Game_type.AAA
708,Life is Strange 2,26-Sep-18,"[""DON'T NOD"", 'Square Enix']",3.3,421,421,['Adventure'],2.6K,107,939,643,Dotnod Entertainment,Square Enix,,2018,Sep,Game_type.AAA
713,Final Fantasy VII Rebirth,31-Dec-23,['Square Enix'],,192,192,[],20,3,354,1.1K,,,,2023,Dec,Game_type.AAA
718,Just Cause 2,23-Mar-10,"['Avalanche Studios', 'Eidos Interactive']",3.2,302,302,"['Adventure', 'Racing', 'Shooter']",5.1K,36,771,142,Avalanche Studios,Square Enix,,2010,Mar,Game_type.AAA
722,Overcooked!,3-Aug-16,"['Ghost Town Games', 'Team17']",3.5,376,376,"['Arcade', 'Indie', 'Simulator', 'Strategy']",4.6K,76,723,115,,,,2016,Aug,Game_type.AAA
729,Prototype,9-Jun-09,"['Activision', 'Radical Entertainment']",3,225,225,"['Adventure', 'Brawler', 'Platform']",4.5K,30,643,314,Radical Entertainment,Activision,2.0,2009,Jun,Game_type.AAA
731,Valheim,2-Feb-21,"['Iron Gate AB', 'Coffee Stain Publishing']",3.6,210,210,"['Adventure', 'Indie', 'RPG']",2.5K,261,496,276,Iron Gate AB,Coffee Stain Publishing,10.0,2021,Feb,Game_type.AAA
734,Mortal Shell,18-Aug-20,"['Playstack', 'Cold Symmetry']",2.7,192,192,"['Indie', 'RPG']",847,30,678,194,Cold Symmetry,Playstack,,2020,Aug,Game_type.INDIE
737,Sleeping Dogs: Definitive Edition,10-Oct-14,"['Square Enix', 'United Front Games']",3.8,250,250,"['Adventure', 'Brawler', 'Racing', 'Shooter']",2.6K,64,967,213,United Front Games,Square Enix,,2014,Oct,Game_type.AAA
743,Fallout 3: Game of the Year Edition,13-Oct-09,"['Bethesda Game Studios', 'Bethesda Softworks']",3.6,188,188,"['Adventure', 'RPG', 'Shooter']",2.6K,67,694,123,Bethesda Softworks,Bethesda Softworks,,2009,Oct,Game_type.AAA
750,The Dark Pictures Anthology: The Devil in Me,18-Nov-22,"['Supermassive Games', 'Bandai Namco Entertainment']",2.9,123,123,['Adventure'],332,20,135,276,,,,2022,Nov,Game_type.AAA
753,Moonlighter,29-May-18,"['Digital Sun Games', '11 bit studios']",3.2,280,280,"['Adventure', 'Brawler', 'Indie', 'RPG', 'Simulator']",2.2K,134,1.2K,309,Digital Sun,11 bit studios,,2018,May,Game_type.INDIE
759,Crysis,13-Nov-07,"['Crytek Frankfurt', 'Electronic Arts']",3.2,224,224,"['Adventure', 'Shooter']",3K,26,561,241,Crytek,Electronic Arts,3.0,2007,Nov,Game_type.AAA
760,Fallout Shelter,14-Jun-15,"['Bethesda Game Studios', 'Bethesda Softworks']",2.4,172,172,"['RPG', 'Simulator', 'Strategy']",5.3K,44,214,38,Bethesda Softworks,Bethesda Softworks,,2015,Jun,Game_type.AAA
768,Final Fantasy XIII-2,15-Dec-11,['Square Enix'],3.3,482,482,"['Adventure', 'RPG']",2.3K,58,1.4K,449,,,,2011,Dec,Game_type.AAA
776,Elden Ring,25-Feb-22,"['Bandai Namco Entertainment', 'FromSoftware']",4.5,3.9K,3.9K,"['Adventure', 'RPG']",17K,3.8K,4.6K,4.8K,From Software,Bandai Namco Entertainment,,2022,Feb,Game_type.AAA
785,NieR: Automata,23-Feb-17,"['PlatinumGames', 'Square Enix']",4.3,2.9K,2.9K,"['Brawler', 'RPG']",18K,1.1K,6.2K,3.6K,PlatinumGames,Square Enix,1.18,2017,Feb,Game_type.AAA
787,Stray,19-Jul-22,"['BlueTwelve Studio', 'Annapurna Interactive']",3.7,1.5K,1.5K,"['Adventure', 'Indie']",7.7K,801,2.5K,3.4K,Blue Twelve Studio,Annapurna Interactive,,2022,Jul,Game_type.INDIE
789,Portal 2,18-Apr-11,"['Valve', 'Electronic Arts']",4.4,2.9K,2.9K,"['Adventure', 'Platform', 'Puzzle', 'Shooter']",29K,471,3.9K,1.2K,Valve Software,Valve,,2011,Apr,Game_type.AAA
793,Red Dead Redemption 2,26-Oct-18,"['Take-Two Interactive', 'Rockstar Games']",4.4,2.9K,2.9K,"['Adventure', 'RPG', 'Shooter']",19K,1.7K,5.5K,2.9K,Rockstar Games,Rockstar Games,,2018,Oct,Game_type.AAA
794,Portal,10-Oct-07,"['Valve', 'Electronic Arts']",4.1,2K,2K,"['Platform', 'Puzzle', 'Shooter']",28K,244,2.7K,1.1K,Valve,Valve,13.97,2007,Oct,Game_type.AAA
797,Hi-Fi Rush,25-Jan-23,"['Tango Gameworks', 'Bethesda Softworks']",4.3,926,926,"['Adventure', 'Brawler', 'Music', 'Platform']",3K,866,1.5K,2K,,,,2023,Jan,Game_type.AAA
799,Grand Theft Auto V,17-Sep-13,"['Rockstar North', 'Rockstar Games']",3.8,2.1K,2.1K,"['Adventure', 'Shooter']",30K,829,3.2K,664,Rockstar North,Rockstar Games,,2013,Sep,Game_type.AAA
807,NieR Replicant ver.1.22474487139...,22-Apr-21,"['Toylogic', 'Square Enix']",4.2,1.5K,1.5K,"['Adventure', 'RPG']",6.7K,880,4.1K,3.7K,Toylogic,Square Enix,,2021,Apr,Game_type.AAA
811,Sekiro: Shadows Die Twice,22-Mar-19,"['FromSoftware', 'Activision']",4.4,2.3K,2.3K,"['Adventure', 'Brawler']",14K,919,4.8K,3.4K,From Software,Activision,,2019,Mar,Game_type.AAA
815,Signalis,27-Oct-22,"['rose-engine', 'Humble Games']",4.2,820,820,"['Adventure', 'Indie']",2.2K,419,1.9K,2.2K,,,,2022,Oct,Game_type.INDIE
818,Fallout: New Vegas,19-Oct-10,"['Obsidian Entertainment', 'Bandai Namco Entertainment']",4.3,2K,2K,"['RPG', 'Shooter']",16K,756,5K,1.4K,Obsidian Entertainment,Bethesda Softworks,,2010,Oct,Game_type.AAA
819,Outer Wilds,28-May-19,"['Mobius Digital', 'Annapurna Interactive']",4.6,1.8K,1.8K,"['Adventure', 'Indie', 'Puzzle', 'Simulator']",7.7K,661,4.8K,3.1K,Mobius Digital,Annapurna Interactive,,2019,May,Game_type.INDIE
821,Doom,12-May-16,"['id Software', 'Bethesda Softworks']",4,1.8K,1.8K,['Shooter'],18K,541,4K,1.4K,,,,2016,May,Game_type.AAA
824,Stardew Valley,26-Feb-16,"['ConcernedApe', 'Chucklefish Games']",4.1,1.7K,1.7K,"['Indie', 'RPG', 'Simulator', 'Strategy']",20K,2K,3.6K,1.1K,ConcernedApe,Chucklefish,13.0,2016,Feb,Game_type.INDIE
827,The Witcher 3: Wild Hunt,19-May-15,"['WB Games', 'CD Projekt RED']",4.3,2K,2K,"['Adventure', 'RPG']",17K,1.2K,6.1K,1.6K,CD Projekt Red Studio,Warner Bros. Interactive Entertainment,4.7,2015,May,Game_type.AAA
829,Doom Eternal,19-Mar-20,"['Bethesda Softworks', 'id Software']",4.2,1.9K,1.9K,['Shooter'],12K,738,4.6K,2.4K,id Software,Bethesda Softworks,,2020,Mar,Game_type.AAA
830,The Elder Scrolls V: Skyrim,10-Nov-11,"['Bethesda Game Studios', 'Bethesda Softworks']",3.7,1.7K,1.7K,"['Adventure', 'RPG']",22K,589,3K,1K,Bethesda Game Studios,Bethesda Softworks,,2011,Nov,Game_type.AAA
831,Neon White,16-Jun-22,"['Ben Esposito', 'Annapurna Interactive']",4.1,868,868,"['Indie', 'Platform', 'Shooter', 'Visual Novel']",2.9K,519,1.8K,2.3K,,,,2022,Jun,Game_type.INDIE
835,Final Fantasy VII Remake,10-Apr-20,['Square Enix'],4.1,2K,2K,"['Adventure', 'RPG']",12K,898,4.2K,2.2K,Square Enix,Square Enix,5.0,2020,Apr,Game_type.AAA
844,It Takes Two,25-Mar-21,"['Hazelight Studios', 'Electronic Arts']",4.2,1.3K,1.3K,"['Adventure', 'Platform', 'Puzzle']",8.1K,999,2.5K,2.1K,Hazelight,Electronic Arts,10.0,2021,Mar,Game_type.AAA
854,Left 4 Dead 2,17-Nov-09,"['Turtle Rock Studios', 'Valve']",3.9,1.1K,1.1K,['Shooter'],19K,279,1.5K,358,Certain Affinity / Valve Software,Valve,,2009,Nov,Game_type.AAA
856,Control,27-Aug-19,"['505 Games', 'Remedy Entertainment']",3.6,1.3K,1.3K,"['Adventure', 'Shooter']",9.6K,591,5.2K,1.3K,Remedy,505 Games,,2019,Aug,Game_type.INDIE
865,Katana Zero,18-Apr-19,"['Askiisoft', 'Devolver Digital']",4.1,1.1K,1.1K,"['Adventure', 'Arcade', 'Indie', 'Platform', 'Strategy']",9.3K,189,2.1K,1.5K,Askiisoft,Devolver Digital,,2019,Apr,Game_type.AAA
866,Life is Strange,29-Jan-15,"[""DON'T NOD"", 'Square Enix']",3.4,1.4K,1.4K,"['Adventure', 'RPG']",15K,209,2.1K,817,DONTNOD Entertainment,Square Enix,,2015,Jan,Game_type.AAA
868,Deathloop,14-Sep-21,"['Bethesda Softworks', 'Arkane Studios']",3.5,897,897,"['Adventure', 'Shooter']",4.2K,389,2.4K,1.9K,Arkane Studios,Bethesda Softworks,,2021,Sep,Game_type.AAA
872,Fallout 4,9-Nov-15,"['Bethesda Game Studios', 'Bethesda Softworks']",3.1,1K,1K,"['RPG', 'Shooter']",16K,407,2.9K,752,Bethesda Game Studios,Bethesda Softworks,,2015,Nov,Game_type.AAA
882,Dishonored,9-Oct-12,"['Arkane Studios', 'Bethesda Softworks']",3.9,1.1K,1.1K,"['Adventure', 'RPG']",14K,268,3.1K,866,Arkane Studios,Bethesda Softworks,5.67,2012,Oct,Game_type.AAA
886,Titanfall 2,28-Oct-16,"['Respawn Entertainment', 'Electronic Arts']",4.1,1.3K,1.3K,"['Adventure', 'Shooter']",12K,163,2.1K,656,Respawn Entertainment,Electronic Arts,,2016,Oct,Game_type.AAA
892,Batman: Arkham Knight,23-Jun-15,"['Rocksteady Studios', 'Warner Bros. Interactive Entertainment']",3.7,1.2K,1.2K,"['Adventure', 'Brawler']",13K,279,3.4K,757,Rocksteady Studios,Warner Bros. Interactive Entertainment,1.4,2015,Jun,Game_type.AAA
897,Hogwarts Legacy,10-Feb-23,"['Portkey Games', 'Avalanche Software']",3.5,474,474,"['Adventure', 'RPG']",1.4K,766,686,1.6K,Avalanche Software,Warner Bros. Interactive Entertainment,22.0,2023,Feb,Game_type.AAA
901,Red Dead Redemption,18-May-10,"['Rockstar Games', 'Rockstar North']",4.2,1.5K,1.5K,"['Adventure', 'RPG', 'Shooter']",13K,218,2.4K,1.6K,Rockstar San Diego,Rockstar Games,,2010,May,Game_type.AAA
904,Dead Space,27-Jan-23,"['Motive Studios', 'Electronic Arts']",4.3,501,501,"['Adventure', 'RPG', 'Shooter']",1.3K,248,985,1.9K,,,,2023,Jan,Game_type.AAA
911,NEO: The World Ends with You,26-Jul-21,['Square Enix'],4.2,725,725,"['Brawler', 'RPG']",2.5K,357,2.4K,2K,,,,2021,Jul,Game_type.AAA
912,Mirror's Edge,11-Nov-08,"['Electronic Arts', 'EA Digital Illusions CE']",3.5,788,788,"['Adventure', 'Platform', 'Shooter']",12K,117,2.1K,813,EA Digital Illusions CE,Electronic Arts,,2008,Nov,Game_type.AAA
920,Crisis Core: Final Fantasy VII - Reunion,13-Dec-22,['Square Enix'],3.8,409,409,['RPG'],1.3K,284,1K,1.3K,,,,2022,Dec,Game_type.AAA
935,Kingdom Hearts III,25-Jan-19,"['Square Enix', 'Disney Interactive Studios']",3.5,1.1K,1.1K,"['Adventure', 'Brawler', 'RPG']",8.1K,206,2.6K,1.1K,Square Enix,Square Enix,,2019,Jan,Game_type.AAA
936,Fallout 3,28-Oct-08,"['ZeniMax Media', 'Bethesda Game Studios']",3.4,894,894,"['RPG', 'Shooter']",12K,162,2K,589,Bethesda Game Studios,Bethesda Softworks,,2008,Oct,Game_type.AAA
941,Gris,13-Dec-18,"['Nomada Studio', 'Devolver Digital']",3.6,911,911,"['Adventure', 'Indie', 'Platform', 'Puzzle']",6.6K,227,2.7K,1.5K,,,,2018,Dec,Game_type.AAA
943,Call of Duty: Modern Warfare 2,10-Nov-09,"['Infinity Ward', 'Activision']",3.8,1K,1K,['Shooter'],14K,34,666,276,Infinity Ward,Activision,,2009,Nov,Game_type.AAA
946,Apex Legends,4-Feb-19,"['Respawn Entertainment', 'Electronic Arts']",3.1,624,624,['Shooter'],12K,669,463,82,Respawn Entertainment,Electronic Arts,,2019,Feb,Game_type.AAA
952,Rayman Legends,30-Aug-13,"['Ubisoft Montpellier', 'Ubisoft Entertainment']",4,921,921,"['Adventure', 'Platform']",9.8K,177,2.3K,643,Ubisoft Montpellier,Ubisoft,,2013,Aug,Game_type.AAA
957,Final Fantasy XIV: Endwalker,7-Dec-21,['Square Enix'],4.6,426,426,"['Adventure', 'RPG']",2.5K,454,683,391,,,4.24,2021,Dec,Game_type.AAA
962,Kingdom Hearts II,22-Dec-05,"['Buena Vista Games', 'Square Enix']",4.3,1.2K,1.2K,"['Adventure', 'RPG']",9.6K,137,1.6K,652,,,0.6,2005,Dec,Game_type.AAA
965,Grand Theft Auto: Vice City,27-Oct-02,"['Rockstar Games', 'Rockstar North']",3.8,1K,1K,"['Adventure', 'Arcade', 'Racing', 'Shooter']",12K,125,1.6K,526,Rockstar North,Rockstar Games,,2002,Oct,Game_type.AAA
971,Assassin's Creed,13-Nov-07,"['Ubisoft Montreal', 'Ubisoft Entertainment']",2.9,801,801,"['Adventure', 'Platform']",13K,118,1.2K,496,Ubisoft Montreal,Ubisoft,,2007,Nov,Game_type.AAA
973,Assassin's Creed III,30-Oct-12,"['Ubisoft Entertainment', 'Ubisoft Montreal']",3,707,707,"['Adventure', 'Strategy']",12K,72,1.2K,390,Ubisoft Montreal,Ubisoft,,2012,Oct,Game_type.AAA
979,The Outer Worlds,25-Oct-19,"['Obsidian Entertainment', 'Private Division']",3.2,582,582,"['Adventure', 'RPG', 'Shooter']",6.6K,256,2.4K,1.3K,Obsidian Entertainment,Private Division,,2019,Oct,Game_type.INDIE
983,Dead Space 2,25-Jan-11,"['Electronic Arts', 'Visceral Games']",4,775,775,"['Adventure', 'Shooter']",6K,97,1.9K,716,Visceral Games,Electronic Arts,,2011,Jan,Game_type.AAA
994,Donut County,28-Aug-18,"['Annapurna Interactive', 'Ben Esposito']",3.4,695,695,"['Adventure', 'Indie', 'Puzzle']",5.6K,35,696,496,Ben Esposito,Annapurna Interactive,,2018,Aug,Game_type.INDIE
995,Assassin's Creed Origins,26-Oct-17,"['Ubisoft Montreal', 'Ubisoft Entertainment']",3.4,788,788,"['Adventure', 'RPG']",7.2K,302,2K,681,Ubisoft Montreal,Ubisoft,1.03,2017,Oct,Game_type.AAA
998,Call of Duty: Modern Warfare II,28-Oct-22,"['Infinity Ward', 'Activision']",3.3,347,347,['Shooter'],1.6K,268,241,381,,,1.03,2022,Oct,Game_type.AAA
999,Crash Bandicoot 4: It's About Time,2-Oct-20,"['Toys for Bob', 'Activision']",3.8,699,699,['Platform'],3.2K,293,1.7K,1.3K,Toys for Bob,Activision,,2020,Oct,Game_type.AAA
1000,Grand Theft Auto III,22-Oct-01,"['DMA Design', 'Rockstar Games']",3.3,711,711,"['Adventure', 'Racing', 'Shooter', 'Simulator']",7.8K,88,1.3K,373,DMA Design,Rockstar Games,,2001,Oct,Game_type.AAA
1003,Batman: Arkham Origins,16-Oct-13,"['WB Games', 'WB Games Montréal']",3.4,642,642,"['Adventure', 'Brawler']",7.8K,125,1.7K,632,Warner Bros. Interactive Entertainment,Warner Bros. Interactive Entertainment,,2013,Oct,Game_type.AAA
1008,The Elder Scrolls IV: Oblivion,20-Mar-06,"['Bethesda Game Studios', '2K Games']",3.7,725,725,"['Adventure', 'RPG']",8.1K,183,1.9K,563,Bethesda Game Studios,Bethesda Softworks,,2006,Mar,Game_type.AAA
1012,A Way Out,23-Mar-18,"['Electronic Arts', 'Hazelight Studios']",3.6,620,620,['Adventure'],6.4K,127,945,668,Hazelight,Electronic Arts,,2018,Mar,Game_type.AAA
1021,Final Fantasy VII Remake Intergrade,10-Jun-21,['Square Enix'],4.2,445,445,"['Adventure', 'RPG']",2.4K,297,1.4K,790,Square Enix,Square Enix,,2021,Jun,Game_type.AAA
1023,Destiny 2,6-Sep-17,"['Activision', 'Bungie']",2.9,507,507,"['Adventure', 'RPG', 'Shooter']",8.7K,524,845,103,Bungie,Activision,,2017,Sep,Game_type.AAA
1031,Katamari Damacy Reroll,6-Dec-18,"['MONKEYCRAFT Co. Ltd', 'Bandai Namco Entertainment']",4.1,576,576,"['Adventure', 'Puzzle']",4.3K,199,1.3K,513,Bandai Namco Games,Bandai Namco Entertainment,,2018,Dec,Game_type.AAA
1042,Dragon Age: Origins,3-Nov-09,"['Electronic Arts', 'BioWare']",4,712,712,['RPG'],6.1K,148,1.7K,534,BioWare Corp.,Electronic Arts,,2009,Nov,Game_type.AAA
1045,The Forgotten City,28-Jul-21,"['Modern Storyteller', 'Dear Villagers']",3.9,471,471,"['Adventure', 'Indie', 'RPG']",1.7K,53,818,701,,,8.46,2021,Jul,Game_type.INDIE
1046,Untitled Goose Game,20-Sep-19,"['House House', 'Panic']",3.6,642,642,"['Adventure', 'Indie', 'Puzzle', 'Simulator']",6.5K,137,1.3K,1.2K,House House,Panic,,2019,Sep,Game_type.INDIE
1051,Tinykin,30-Aug-22,"['Splashteam', 'tinyBuild']",4,416,416,"['Adventure', 'Arcade', 'Indie', 'Platform', 'Puzzle', 'RPG']",753,39,276,376,,,,2022,Aug,Game_type.INDIE
1056,The Messenger,30-Aug-18,"['Sabotage', 'Devolver Digital']",3.8,613,613,"['Adventure', 'Arcade', 'Indie', 'Platform']",3.7K,157,1.7K,702,Sabotage,Devolver Digital,,2018,Aug,Game_type.AAA
1058,Pathologic 2,23-May-19,"['Ice-Pick Lodge', 'tinyBuild']",4.3,513,513,"['Adventure', 'Indie', 'RPG']",1.3K,155,1.8K,1.3K,,,,2019,May,Game_type.INDIE
1059,Tactics Ogre: Reborn,11-Nov-22,['Square Enix'],4.1,206,206,"['RPG', 'Simulator', 'Strategy', 'Tactical']",279,137,599,620,Square Enix,Square Enix,,2022,Nov,Game_type.AAA
1066,Drakengard 3,19-Dec-13,"['Access Games', 'Square Enix']",3.8,503,503,"['Adventure', 'Brawler', 'RPG', 'Strategy']",1.9K,128,1.4K,946,,,,2013,Dec,Game_type.AAA
1073,Final Fantasy XIV: Shadowbringers,2-Jul-19,['Square Enix'],4.6,401,401,['RPG'],3K,192,517,267,Square Enix,Square Enix,,2019,Jul,Game_type.AAA
1075,Tom Clancy's Rainbow Six Siege,1-Dec-15,"['Ubisoft Entertainment', 'Ubisoft Montreal']",3.2,424,424,"['Shooter', 'Tactical']",7.9K,302,381,139,Ubisoft Montreal,Ubisoft,10.0,2015,Dec,Game_type.AAA
1079,Rayman Origins,15-Nov-11,"['Ubisoft Montpellier', 'Ubisoft Entertainment']",3.8,547,547,"['Adventure', 'Platform']",6.2K,85,1.2K,417,Ubisoft,Ubisoft,,2011,Nov,Game_type.AAA
1080,Klonoa Phantasy Reverie Series,8-Jul-22,"['MONKEYCRAFT Co. Ltd', 'Bandai Namco Entertainment']",3.8,197,197,"['Adventure', 'Platform']",647,119,563,782,,,,2022,Jul,Game_type.AAA
1081,Hitman 2,13-Nov-18,"['WB Games', 'IO Interactive']",4,605,605,"['Adventure', 'Shooter', 'Tactical']",5K,164,1.8K,607,IO Interactive,Warner Bros. Interactive Entertainment,,2018,Nov,Game_type.AAA
1082,Max Payne 3,15-May-12,"['Rockstar Games', 'Rockstar Vancouver']",3.7,593,593,['Shooter'],5.6K,43,1K,518,Rockstar Vancouver,Rockstar Games,,2012,May,Game_type.AAA
1085,Battlefield 1,21-Oct-16,"['EA Digital Illusions CE', 'Electronic Arts']",3.4,513,513,['Shooter'],7.2K,108,741,150,EA DICE,Electronic Arts,,2016,Oct,Game_type.AAA
1088,Star Wars Battlefront II,17-Nov-17,"['EA Digital Illusions CE', 'Electronic Arts']",3.1,534,534,"['Adventure', 'Shooter']",7.8K,128,826,140,,,,2017,Nov,Game_type.AAA
1095,Brothers: A Tale of Two Sons,7-Aug-13,"['Starbreeze Studios', 'Spike ChunSoft']",3.5,511,511,"['Adventure', 'Indie', 'Puzzle']",4K,28,1.3K,334,Starbreeze Studios,505 Games,,2013,Aug,Game_type.INDIE
1096,Call of Duty: Modern Warfare,25-Oct-19,"['Infinity Ward', 'Activision']",3.4,525,525,['Shooter'],5.1K,84,431,339,Infinity Ward,Activision,,2019,Oct,Game_type.AAA
1125,Chrono Trigger,20-Nov-08,['Square Enix'],4.4,295,295,['Adventure'],2.4K,135,1.3K,499,Square Enix,Square Enix,1.1,2008,Nov,Game_type.AAA
1128,Bully: Scholarship Edition,4-Feb-08,"['Rockstar Games', 'Rockstar Toronto']",4,330,330,['Adventure'],3.9K,92,1K,457,Rockstar Vancouver/Mad Doc Software,Rockstar Games,,2008,Feb,Game_type.AAA
1130,Star Wars Jedi: Survivor,28-Apr-23,"['Respawn Entertainment', 'Electronic Arts']",,250,250,['Adventure'],13,2,367,1.4K,,,,2023,Apr,Game_type.AAA
1131,Alice: Madness Returns,14-Jun-11,"['Electronic Arts', 'Spicy Horse Games']",3.5,358,358,"['Adventure', 'Brawler', 'Platform']",2.8K,113,1.2K,636,Spicy Horse,Electronic Arts,,2011,Jun,Game_type.AAA
1138,Half-Life: Alyx,23-Mar-20,['Valve'],4.6,515,515,"['Adventure', 'Puzzle', 'Shooter']",1.9K,210,1.2K,1.4K,Valve,Valve,,2020,Mar,Game_type.AAA
1142,Call of Duty: Ghosts,5-Nov-13,"['Neversoft Entertainment', 'Activision']",2.4,411,411,['Shooter'],6.5K,9,353,150,Infinity Ward,Activision,,2013,Nov,Game_type.AAA
1152,Spore,4-Sep-08,"['Maxis', 'Electronic Arts']",3.3,238,238,"['Adventure', 'Real Time Strategy', 'RPG', 'Simulator', 'Strategy']",6K,34,427,170,Maxis,Electronic Arts,,2008,Sep,Game_type.AAA
1153,Dwarf Fortress,6-Dec-22,"['Bay 12 Games', 'Kitfox Games']",4.6,48,48,"['Indie', 'RPG', 'Simulator', 'Strategy']",225,80,181,195,,,,2022,Dec,Game_type.INDIE
1157,Far Cry 3: Blood Dragon,1-May-13,['Ubisoft Montreal'],3.4,329,329,"['Adventure', 'Shooter']",4.4K,15,946,275,Unknown,Ubisoft,,2013,May,Game_type.AAA
1173,Darkwood,17-Aug-17,"['Acid Wizard Studio', 'Crunching Koalas']",3.9,262,262,"['Adventure', 'Indie', 'RPG']",836,97,1K,406,,,0.5,2017,Aug,Game_type.INDIE
1174,Beyond Good & Evil,11-Nov-03,"['Ubisoft Shanghai', 'Ubisoft']",3.9,436,436,"['Adventure', 'Shooter']",2.3K,35,1.5K,629,Ubisoft Montpellier,Ubisoft,,2003,Nov,Game_type.AAA
1179,Carrion,23-Jul-20,"['Phobia Game Studio', 'Devolver Digital']",3.3,432,432,"['Adventure', 'Indie', 'Platform']",2.8K,83,729,601,Phobia Game Studio,Devolver Digital,,2020,Jul,Game_type.AAA
1183,Wild Hearts,16-Feb-23,"['Omega Force', 'Electronic Arts']",3.2,103,103,['Adventure'],73,45,108,246,,,,2023,Feb,Game_type.AAA
1196,Call of Duty: Advanced Warfare,3-Nov-14,"['Activision', 'Sledgehammer Games']",2.5,415,415,['Shooter'],5.2K,13,308,151,Sledgehammer Games,Activision,,2014,Nov,Game_type.AAA
1205,Lollipop Chainsaw,12-Jun-12,"['Grasshopper Manufacture', 'WB Games']",3.4,295,295,['Brawler'],1.6K,32,717,695,Grasshopper Manufacture,Warner Bros. Interactive Entertainment,,2012,Jun,Game_type.AAA
1215,Battlefield: Bad Company 2,2-Mar-10,"['EA Digital Illusions CE', 'Electronic Arts']",3.6,288,288,"['Adventure', 'Shooter', 'Simulator', 'Strategy']",4.2K,23,349,119,EA Digital Illusions CE,Electronic Arts,,2010,Mar,Game_type.AAA
1225,Dragon Quest V: Hand of the Heavenly Bride,17-Jul-08,"['Chunsoft', 'Square Enix']",4.2,371,371,['RPG'],1.4K,85,1K,478,,,,2008,Jul,Game_type.AAA
1227,For Honor,13-Feb-17,"['Ubisoft Entertainment', 'Ubisoft Montreal']",2.8,236,236,"['Brawler', 'Fighting']",4.1K,56,579,91,Ubisoft Montreal,Ubisoft,,2017,Feb,Game_type.AAA
1232,Moonscars,27-Sep-22,"['Black Mermaid', 'Humble Games']",2.9,97,97,"['Adventure', 'Brawler', 'Indie', 'Platform']",248,24,179,212,,,4.0,2022,Sep,Game_type.INDIE
1237,Ultimate Spider-Man,21-Sep-05,"['Activision', 'Beenox']",3.6,300,300,['Brawler'],3.7K,25,382,280,Beenox,Activision,,2005,Sep,Game_type.AAA
1246,Dante's Inferno,4-Feb-10,"['Electronic Arts', 'Visceral Games']",3.2,321,321,"['Adventure', 'Brawler']",2.6K,40,567,334,Visceral Games,Electronic Arts,,2010,Feb,Game_type.AAA
1254,Moonlighter,29-May-18,"['Digital Sun Games', '11 bit studios']",3.2,280,280,"['Adventure', 'Brawler', 'Indie', 'RPG', 'Simulator']",2.2K,134,1.2K,309,Digital Sun,11 bit studios,,2018,May,Game_type.INDIE
1260,Crysis,13-Nov-07,"['Crytek Frankfurt', 'Electronic Arts']",3.2,224,224,"['Adventure', 'Shooter']",3K,26,561,241,Crytek,Electronic Arts,3.0,2007,Nov,Game_type.AAA
1261,Fallout Shelter,14-Jun-15,"['Bethesda Game Studios', 'Bethesda Softworks']",2.4,172,172,"['RPG', 'Simulator', 'Strategy']",5.3K,44,214,38,Bethesda Softworks,Bethesda Softworks,,2015,Jun,Game_type.AAA
1269,Final Fantasy XIII-2,15-Dec-11,['Square Enix'],3.3,482,482,"['Adventure', 'RPG']",2.3K,58,1.4K,449,,,,2011,Dec,Game_type.AAA
1278,Lightning Returns: Final Fantasy XIII,21-Nov-13,['Square Enix'],3.1,362,362,['RPG'],1.5K,44,1.3K,426,,,,2013,Nov,Game_type.AAA
1293,The Simpsons Game,30-Oct-07,"['Griptonite Games', 'Electronic Arts']",3,200,200,['Platform'],3.8K,20,283,156,EA Redwood Shores,Electronic Arts,,2007,Oct,Game_type.AAA
1298,Final Fantasy XV: Royal Edition,6-Mar-18,['Square Enix'],3.7,225,225,"['Adventure', 'Fighting', 'RPG']",1.7K,92,672,160,,,,2018,Mar,Game_type.AAA
1300,Final Fantasy III,24-Aug-06,"['Square', 'Square Enix']",3.1,342,342,"['Adventure', 'RPG']",2.6K,59,891,290,Matrix Software,Square Enix,2.3,2006,Aug,Game_type.AAA
1307,American McGee's Alice,6-Dec-00,"['Rogue Entertainment', 'Electronic Arts']",3.4,242,242,"['Adventure', 'Platform', 'Puzzle']",1.1K,42,513,401,Rogue Entertainment,Electronic Arts,1.5,2000,Dec,Game_type.AAA
1308,Call of Duty,29-Oct-03,"['Infinity Ward', 'Activision']",3.3,274,274,['Shooter'],2.8K,23,202,136,Infinity Ward,Activision,,2003,Oct,Game_type.AAA
1314,Control: Ultimate Edition,27-Aug-20,"['Remedy Entertainment', '505 Games']",4,233,233,"['Adventure', 'Shooter']",1.4K,124,884,195,,,,2020,Aug,Game_type.INDIE
1317,Weird West,31-Mar-22,"['WolfEye Studios', 'Devolver Digital']",3,156,156,"['Adventure', 'Indie', 'RPG', 'Simulator']",405,46,396,337,,,,2022,Mar,Game_type.AAA
1321,Call of Duty: Black Ops 4,12-Oct-18,"['Treyarch', 'Activision']",2.3,248,248,['Shooter'],3.5K,15,279,100,,,,2018,Oct,Game_type.AAA
1323,Ape Out,28-Feb-19,"['Gabe Cuzzillo', 'Devolver Digital']",3.5,329,329,"['Adventure', 'Arcade', 'Fighting', 'Indie']",1.8K,46,697,324,Gabe Cuzzillo,Devolver Digital,,2019,Feb,Game_type.AAA
1326,Prince of Persia: Warrior Within,30-Nov-04,"['Ubisoft Montreal', 'Ubisoft Entertainment']",3.5,237,237,"['Adventure', 'Fighting', 'Platform']",2.8K,20,551,220,Ubisoft Montreal,Ubisoft,,2004,Nov,Game_type.AAA
1327,Kentucky Route Zero: TV Edition,27-Jan-20,"['Cardboard Computer', 'Annapurna Interactive']",4.1,319,319,"['Adventure', 'Indie', 'Point-and-Click']",772,90,636,402,Cardboard Computer,Annapurna Interactive,,2020,Jan,Game_type.INDIE
1333,Tom Clancy's The Division,7-Mar-16,"['Ubisoft Entertainment', 'Massive Entertainment']",2.8,239,239,"['Adventure', 'RPG', 'Shooter', 'Strategy', 'Tactical']",2.9K,40,332,78,Massive Entertainment,Ubisoft,,2016,Mar,Game_type.AAA
1334,Crysis 2,22-Mar-11,"['Crytek Frankfurt', 'Electronic Arts']",3.1,180,180,"['Adventure', 'Shooter']",2.9K,10,411,155,Crytek,Electronic Arts,,2011,Mar,Game_type.AAA
1342,Mount & Blade: Warband,31-Mar-10,"['Paradox Interactive', 'Taleworlds']",3.9,168,168,"['Adventure', 'RPG', 'Shooter', 'Simulator', 'Strategy']",2.4K,39,309,110,Taleworlds,Paradox Interactive,,2010,Mar,Game_type.AAA
1347,Bulletstorm,22-Feb-11,"['People Can Fly', 'Electronic Arts']",3.2,159,159,['Shooter'],2.3K,6,299,125,People Can Fly,Electronic Arts,,2011,Feb,Game_type.AAA
1358,Prince of Persia,2-Dec-08,"['Ubisoft Entertainment', 'Ubisoft Montreal']",3,201,201,"['Adventure', 'Platform', 'Puzzle']",2.5K,23,535,206,Ubisoft Montreal,Ubisoft,,2008,Dec,Game_type.AAA
1365,Crash Team Racing Nitro-Fueled,21-Jun-19,"['Activision Blizzard', 'Beenox']",3.9,408,408,"['Arcade', 'Racing']",2.5K,50,391,294,Beenox,Activision,,2019,Jun,Game_type.AAA
1372,Killing Floor 2,18-Nov-16,"['Tripwire Interactive', 'Deep Silver']",3.1,195,195,['Shooter'],2.8K,33,501,66,Tripwire Interactive,Tripwire Interactive,,2016,Nov,Game_type.INDIE
1375,Toy Story 2: Buzz Lightyear to the Rescue!,22-Nov-99,"['Activision', ""Traveller's Tales""]",3.4,245,245,"['Adventure', 'Platform']",2.3K,26,262,117,Traveller's Tales,Activision,,1999,Nov,Game_type.AAA
1376,Rayman Raving Rabbids,19-Nov-06,"['Ubisoft Entertainment', 'Ubisoft Montpellier']",2.7,137,137,"['Adventure', 'Platform', 'Puzzle']",2.7K,9,191,63,Ubisoft Montpellier,Ubisoft,,2006,Nov,Game_type.AAA
1377,Prototype 2,24-Apr-12,"['Activision', 'FUN Labs']",3,140,140,"['Adventure', 'Brawler', 'Platform']",2.4K,10,408,198,Radical Entertainment,Activision,,2012,Apr,Game_type.AAA
1379,Call of Duty 3,7-Nov-06,"['Activision', 'Treyarch']",2.8,231,231,['Shooter'],2.9K,8,239,122,Treyarch,Activision,,2006,Nov,Game_type.AAA
1380,Shadow Warrior,26-Sep-13,"['Flying Wild Hog', 'Majesco Entertainment']",3.2,161,161,"['Adventure', 'Shooter']",1.7K,21,571,114,Unknown,Devolver Digital,,2013,Sep,Game_type.AAA
1390,Cadence of Hyrule: Crypt of the NecroDancer Featuring the Legend of Zelda,13-Jun-19,"['Spike ChunSoft', 'Brace Yourself Games']",3.6,269,269,"['Adventure', 'Music']",1.8K,39,682,587,,,,2019,Jun,Game_type.INDIE
1414,The Simpsons: Road Rage,19-Nov-01,"['Electronic Arts', 'Fox Interactive']",2.9,103,103,['Racing'],1.7K,6,146,61,Radical Entertainment,Electronic Arts,,2001,Nov,Game_type.AAA
1420,Black,24-Feb-06,"['Electronic Arts', 'Criterion Games']",3.4,233,233,['Shooter'],2.1K,19,359,196,Criterion Games,Electronic Arts,,2006,Feb,Game_type.AAA
1433,Quake II,9-Dec-97,"['id Software', 'Activision']",3.4,242,242,['Shooter'],1.5K,18,469,162,id Software,Activision,,1997,Dec,Game_type.AAA
1435,Final Fantasy X HD Remaster,26-Dec-13,['Square Enix'],4.3,139,139,"['Adventure', 'RPG']",867,48,300,76,,,,2013,Dec,Game_type.AAA
1440,Indivisible,8-Oct-19,"['Lab Zero Games', '505 Games']",3.1,211,211,"['Adventure', 'Indie', 'Platform', 'RPG']",969,56,839,349,Lab Zero Games,505 Games,,2019,Oct,Game_type.INDIE
1442,Need for Speed: Hot Pursuit,16-Nov-10,"['Criterion Games', 'Electronic Arts']",3.3,148,148,['Racing'],2K,23,182,54,Criterion Games,Electronic Arts,,2010,Nov,Game_type.AAA
1444,Phantom Brigade,28-Feb-23,['Brace Yourself Games'],2.8,16,16,"['Indie', 'RPG', 'Strategy', 'Tactical', 'Turn Based Strategy']",16,10,30,51,,,,2023,Feb,Game_type.INDIE
1447,Telling Lies,23-Aug-19,"['Furious Bee Limited', 'Annapurna Interactive']",2.8,186,186,"['Indie', 'Point-and-Click', 'Simulator']",646,15,244,163,Sam Barlow,Annapurna Interactive,,2019,Aug,Game_type.INDIE
1450,Mario Hoops 3-on-3,27-Jul-06,"['Nintendo', 'Square Enix']",3.5,132,132,['Sport'],1.8K,2,134,69,,,,2006,Jul,Game_type.AAA
1455,Gun,5-Nov-05,"['Activision', 'Rebellion Developments']",3.3,131,131,['Adventure'],1.4K,5,276,152,Neversoft Entertainment,Activision,,2005,Nov,Game_type.AAA
1459,Ruiner,26-Sep-17,"['Reikon Games', 'Devolver Digital']",3.2,177,177,"['Adventure', 'Indie', 'Shooter', 'Strategy']",1.1K,38,701,177,,,,2017,Sep,Game_type.AAA
1460,The Lord of the Rings: The Two Towers,21-Oct-02,"['Electronic Arts', 'Hypnos Entertainment']",3.3,100,100,"['Adventure', 'Brawler']",1.6K,8,172,72,Stormfront Studios,Electronic Arts,,2002,Oct,Game_type.AAA
1468,The Warriors,17-Oct-05,"['Rockstar Toronto', 'Rockstar Games']",3.9,182,182,"['Brawler', 'Fighting']",927,10,274,191,Rockstar Toronto,Rockstar Games,,2005,Oct,Game_type.AAA
1478,Dragon Age: Origins - Awakening,16-Mar-10,"['BioWare Edmonton', 'Electronic Arts']",3.9,50,50,"['RPG', 'Strategy']",1K,14,200,54,,,,2010,Mar,Game_type.AAA
1481,Tom Clancy's Splinter Cell: Pandora Tomorrow,23-Mar-04,"['Ubisoft Shanghai', 'Ubisoft Entertainment']",3.4,137,137,"['Shooter', 'Tactical']",1K,7,317,123,Ubisoft Shanghai,Ubisoft,,2004,Mar,Game_type.AAA
1489,Kingdoms of Amalur: Reckoning,7-Feb-12,"['38 Studios', 'Electronic Arts']",3.2,99,99,"['Brawler', 'RPG']",1.2K,22,365,106,38 Studios,Electronic Arts,,2012,Feb,Game_type.AAA
1491,Europa Universalis IV,13-Aug-13,"['Paradox Interactive', 'Paradox Development Studio']",3.8,135,135,"['Real Time Strategy', 'Simulator', 'Strategy']",1.3K,76,426,72,Unknown,Paradox Interactive,,2013,Aug,Game_type.AAA
1493,Guitar Hero 5,1-Sep-09,"['Activision', 'Neversoft Entertainment']",3.2,63,63,['Music'],1.1K,0,65,22,Neversoft,Activision,1.0,2009,Sep,Game_type.AAA
1500,Children of Morta,3-Sep-19,"['Dead Mage', '11 bit studios']",3.4,153,153,"['Adventure', 'Indie', 'RPG']",727,54,385,136,Dead Mage Studio,11 bit studios,,2019,Sep,Game_type.INDIE
1501,The Godfather,21-Mar-06,"['Electronic Arts', 'EA Redwood Shores']",3.6,121,121,"['Adventure', 'Racing', 'Shooter']",1.1K,2,196,136,Headgate,Electronic Arts,,2006,Mar,Game_type.AAA
1510,Baldur's Gate 3,6-Oct-20,['Larian Studios'],4.1,165,165,"['Adventure', 'RPG', 'Strategy', 'Tactical', 'Turn Based Strategy']",269,79,388,602,,,,2020,Oct,Game_type.AAA
1511,The LEGO Movie Videogame,4-Feb-14,"['WB Games', 'TT Fusion']",2.8,184,184,"['Adventure', 'Puzzle']",1.7K,11,239,73,TT Fusion,Warner Bros. Interactive Entertainment,,2014,Feb,Game_type.AAA
